#fill Personne
SET FOREIGN_KEY_CHECKS = 0;
DELETE FROM Personne WHERE idPersonne > 0;
ALTER TABLE Personne AUTO_INCREMENT=1;
INSERT INTO Personne(idPersonne,Nom, Prenom,Genre, Email, NPA,Localite) 
VALUES 
(1,"Allemand","Jérémie","Masculin","Jeremie.Allemand@ceff.ch",2533,"Evilard"),
(2,"Assunçao","Gaëtan","Masculin","Gaetan.Assuncao@ceff.ch",2345,"Les Breuleux"),
(3,"Avalos","Yann","Masculin","Yann.Avalos@ceff.ch",2740,"Moutier"),
(4,"Bachmann","Elisa","Féminin","Elisa.Bachmann@ceff.ch",2607,"Cortébert"),
(5,"Bane","Erwan","Masculin","Erwan.Bane@ceff.ch",2504,"Biel/Bienne"),
(6,"Bassard","Grégory","Masculin","Gregory.Bassard@ceff.ch",2606,"Corgémont"),
(7,"Baumgartner","Maël","Masculin","Mael.Baumgartner@ceff.ch",2720,"Tramelan"),
(8,"Becker","Quentin","Masculin","Quentin.Becker@ceff.ch",2735,"Malleray"),
(9,"Beglieri","Evan","Masculin","Evan.Beglieri@ceff.ch",2504,"Biel/Bienne"),
(10,"Besia","Flavien","Masculin","Flavien.Besia@ceff.ch",2017,"Boudry"),
(11,"Blanc","Bastien","Masculin","Bastien.Blanc@ceff.ch",2732,"Reconvilier"),
(12,"Boillat","Rémy","Masculin","Remy.Boillat@ceff.ch",2610,"St-Imier"),
(13,"Bonardo","Quentin","Masculin","Quentin.Bonardo@ceff.ch",2720,"Tramelan"),
(14,"Boulahdjar","Ahmed","Masculin","Ahmed.Boulahdjar@ceff.ch",2502,"Biel/Bienne"),
(15,"Bourquin","Arnaud","Masculin","Arnaud.Bourquin@ceff.ch",2610,"St-Imier"),
(16,"Brechbühler","Julien","Masculin","Julien.Brechbuehler@ceff.ch",2535,"Frinvillier"),
(17,"Brossard","Laurent","Masculin","Laurent.Brossard@ceff.ch",2525,"Le Landeron"),
(18,"Brossard","Sabrina","Féminin","Sabrina.Brossard@ceff.ch",2504,"Biel/Bienne"),
(19,"Brun","Sébastien","Masculin","Sebastien.Brun@ceff.ch",2735,"Bévilard"),
(20,"Bünzli","Vladimir","Masculin","Vladimir.Buenzli@ceff.ch",3008,"Bern"),
(21,"Bürki","Dylan","Masculin","Dylan.Buerki@ceff.ch",2723,"Mont-Tramelan"),
(22,"Capito","Melanie","Féminin","Melanie.Capito@ceff.ch",2610,"St-Imier"),
(23,"Carnal","Noah","Masculin","Noah.Carnal@ceff.ch",2720,"Tramelan"),
(24,"Cattin","Janis","Masculin","Janis.Cattin@ceff.ch",2504,"Biel/Bienne"),
(25,"Celik","Dilan","Masculin","Dilan.Celik@ceff.ch",2502,"Biel/Bienne"),
(26,"Chaignat","Mathis","Masculin","Mathis.Chaignat@ceff.ch",2350,"Saignelégier"),
(27,"Charpié","Ludovic","Masculin","Ludovic.Charpie@ceff.ch",2515,"Prêles"),
(28,"Claro","Esteban","Masculin","Esteban.Claro@ceff.ch",2520,"La Neuveville"),
(29,"Coric","Maksim","Masculin","Maksim.Coric@ceff.ch",2534,"Orvin"),
(30,"Cudré-Mauroux","Bryan","Masculin","Bryan.Cudre-Mauroux@ceff.ch",2608,"Courtelary"),
(31,"Cuénod Zanuttig","Jean-Paul","Masculin","Jean-Paul.CuenodZanuttig@ceff.ch",2208,"Les Hauts-Geneveys"),
(32,"Da Cruz Lopes","Rafael","Masculin","Rafael.DaCruzLopes@ceff.ch",2504,"Biel/Bienne"),
(33,"Dadém","Vicky","Masculin","Vicky.Dadem@ceff.ch",2502,"Biel/Bienne"),
(34,"De Marco","Allan","Masculin","Allan.DeMarco@ceff.ch",2504,"Biel/Bienne"),
(35,"De Marco","Nolan","Masculin","Nolan.DeMarco@ceff.ch",2504,"Biel/Bienne"),
(36,"De Oliveira Jorge","Tiago","Masculin","Tiago.DeOliveiraJorge@ceff.ch",2720,"Tramelan"),
(37,"Delli Santi","Valerio","Masculin","Valerio.DelliSanti@ceff.ch",2504,"Biel/Bienne"),
(38,"Devanthéry","Noa","Masculin","Noa.Devanthery@ceff.ch",2345,"Les Breuleux"),
(39,"Di Benedetto","Lorenzo","Masculin","Lorenzo.DiBenedetto@ceff.ch",2560,"Nidau"),
(40,"Di Caprio","Louis","Masculin","Louis.DiCaprio@ceff.ch",2603,"Péry"),
(41,"Di Gaetano","Kylian","Masculin","Kylian.DiGaetano@ceff.ch",2504,"Biel/Bienne"),
(42,"Dobbs","Jack","Masculin","Jack.Dobbs@ceff.ch",2610,"St-Imier"),
(43,"D'Ostuni","Gabriel","Masculin","Gabriel.D'Ostuni@ceff.ch",2504,"Biel/Bienne"),
(44,"Droz","Loan","Masculin","Loan.Droz@ceff.ch",2720,"Tramelan"),
(45,"Ebanelli","Dario","Masculin","Dario.Ebanelli@ceff.ch",2553,"Safnern"),
(46,"Flückiger","Jonas Emmanuel","Masculin","JonasEmmanuel.Flueckiger@ceff.ch",2555,"Brügg BE"),
(47,"Frick","Gabriel","Masculin","Gabriel.Frick@ceff.ch",2503,"Biel/Bienne"),
(48,"Froidevaux","Julien","Masculin","Julien.Froidevaux@ceff.ch",2732,"Reconvilier"),
(49,"Geara","Kevin","Masculin","Kevin.Geara@ceff.ch",2610,"St-Imier"),
(50,"Gerber","Anouchka","Féminin","Anouchka.Gerber@ceff.ch",2732,"Reconvilier"),
(51,"Gerber","Thomas","Masculin","Thomas.Gerber@ceff.ch",2720,"Tramelan"),
(52,"Gianoli","Kenzo","Masculin","Kenzo.Gianoli@ceff.ch",2610,"Les Pontins"),
(53,"Good","Noah","Masculin","Noah.Good@ceff.ch",2534,"Orvin"),
(54,"Grasset","John","Masculin","John.Grasset@ceff.ch",2503,"Biel/Bienne"),
(55,"Gürsültür","Emre","Masculin","Emre.Guersueltuer@ceff.ch",2345,"Les Breuleux"),
(56,"Hadorn","Raphaël","Masculin","Raphael.Hadorn@ceff.ch",2610,"St-Imier"),
(57,"Hafez","Ward","Masculin","Ward.Hafez@ceff.ch",2720,"Tramelan"),
(58,"Hazeraj","Ekuran","Masculin","Ekuran.Hazeraj@ceff.ch",2520,"La Neuveville"),
(59,"Hazeraj","Herdison","Masculin","Herdison.Hazeraj@ceff.ch",2520,"La Neuveville"),
(60,"Huber","Mallory","Masculin","Mallory.Huber@ceff.ch",2710,"Tavannes"),
(61,"Jeandupeux","Romaine","Féminin","Romaine.Jeandupeux@ceff.ch",2720,"Tramelan"),
(62,"Kinkio","Mathéo","Masculin","Matheo.Kinkio@ceff.ch",2516,"Lamboing"),
(63,"Kueviakoe","Kevin","Masculin","Kevin.Kueviakoe@ceff.ch",2504,"Biel/Bienne"),
(64,"Kukiele","Joel Nzila","Masculin","JoelNzila.Kukiele@ceff.ch",2503,"Biel/Bienne"),
(65,"Leite Serra","Fabio","Masculin","Fabio.LeiteSerra@ceff.ch",2504,"Biel/Bienne"),
(66,"Lenardon","Arnaud","Masculin","Arnaud.Lenardon@ceff.ch",2720,"Tramelan"),
(67,"L'Epée","Thibault","Masculin","Thibault.L'Epee@ceff.ch",2520,"La Neuveville"),
(68,"Leydecker","Malo","Masculin","Malo.Leydecker@ceff.ch",2520,"La Neuveville"),
(69,"Liechti","Kevin","Masculin","Kevin.Liechti@ceff.ch",2718,"Lajoux JU"),
(70,"Magnin","Nicolas","Masculin","Nicolas.Magnin@ceff.ch",2345,"Les Breuleux"),
(71,"Maître","Arnaud","Masculin","Arnaud.Maitre@ceff.ch",2743,"Eschert"),
(72,"Martin","Alix","Masculin","Alix.Martin@ceff.ch",2720,"Tramelan"),
(73,"Mathez","Quentin","Masculin","Quentin.Mathez@ceff.ch",2720,"Tramelan"),
(74,"Matter","Ernesto","Masculin","Ernesto.Matter@ceff.ch",2603,"Péry"),
(75,"Mbida","Daniel Ghislain","Masculin","DanielGhislain.Mbida@ceff.ch",2743,"Eschert"),
(76,"Méroz","Bastien","Masculin","Bastien.Meroz@ceff.ch",2613,"Villeret"),
(77,"Miron","Robert-Gabriel","Masculin","Robert-Gabriel.Miron@ceff.ch",2610,"St-Imier"),
(78,"Mischler","Noé","Masculin","Noe.Mischler@ceff.ch",2610,"St-Imier"),
(79,"Mukandanga","Noah","Masculin","Noah.Mukandanga@ceff.ch",2732,"Reconvilier"),
(80,"Naine","Yann","Masculin","Yann.Naine@ceff.ch",2743,"Eschert"),
(81,"Naylor","Natasha Shiwen","Féminin","NatashaShiwen.Naylor@ceff.ch",2503,"Biel/Bienne"),
(82,"Neli","Fadil","Masculin","Fadil.Neli@ceff.ch",3018,"Bern"),
(83,"Ouattara","Marie-Victoire","Féminin","Marie-Victoire.Ouattara@ceff.ch",3065,"Bolligen"),
(84,"Özkul","Alp Rushtu","Masculin","AlpRushtu.Oezkul@ceff.ch",2740,"Moutier"),
(85,"Pagnon","Emma","Féminin","Emma.Pagnon@ceff.ch",2720,"Tramelan"),
(86,"Pahud","Natalia","Féminin","Natalia.Pahud@ceff.ch",2720,"Tramelan"),
(87,"Paiva Costa","Diogo","Masculin","Diogo.PaivaCosta@ceff.ch",2610,"St-Imier"),
(88,"Paratore","Elian","Masculin","Elian.Paratore@ceff.ch",2504,"Biel/Bienne"),
(89,"Péquignot","Steve","Masculin","Steve.Pequignot@ceff.ch",2615,"Sonvilier"),
(90,"Petruzzo","Vitoandrea","Masculin","Vitoandrea.Petruzzo@ceff.ch",2502,"Biel/Bienne"),
(91,"Petter","Nathanaël","Masculin","Nathanael.Petter@ceff.ch",2722,"Les Reussilles"),
(92,"Portal","Timo","Masculin","Timo.Portal@ceff.ch",2610,"St-Imier"),
(93,"Pugnant-Gros","Gaël","Masculin","Gael.Pugnant-Gros@ceff.ch",2740,"Moutier"),
(94,"Ramey","Arthur","Masculin","Arthur.Ramey@ceff.ch",2710,"Tavannes"),
(95,"Ramos Figueiredo","Daniela","Féminin","Daniela.RamosFigueiredo@ceff.ch",2516,"Lamboing"),
(96,"Rossier","Adrien Matthieu","Masculin","AdrienMatthieu.Rossier@ceff.ch",2503,"Biel/Bienne"),
(97,"Roth","Valentino","Masculin","Valentino.Roth@ceff.ch",2503,"Biel/Bienne"),
(98,"Rutscho","Julien","Masculin","Julien.Rutscho@ceff.ch",2608,"Courtelary"),
(99,"Salzmann","Kevin","Masculin","Kevin.Salzmann@ceff.ch",2735,"Champoz"),
(100,"Schmocker","Kevin","Masculin","Kevin.Schmocker@ceff.ch",2502,"Biel/Bienne"),
(101,"Schumacher","Alexandre","Masculin","Alexandre.Schumacher@ceff.ch",2515,"Prêles"),
(102,"Schwab","Nicolas","Masculin","Nicolas.Schwab@ceff.ch",2616,"Renan BE"),
(103,"Schwendimann","Julien","Masculin","Julien.Schwendimann@ceff.ch",2615,"Sonvilier"),
(104,"Seuret","Samy","Masculin","Samy.Seuret@ceff.ch",2740,"Moutier"),
(105,"Sormasor","Zekria","Masculin","Zekria.Sormasor@ceff.ch",2605,"Sonceboz-Sombeval"),
(106,"Spychiger","Lyâm","Masculin","Lyam.Spychiger@ceff.ch",2515,"Prêles"),
(107,"Stucki","Anthony","Masculin","Anthony.Stucki@ceff.ch",2605,"Sonceboz-Sombeval"),
(108,"Taillard","Johan","Masculin","Johan.Taillard@ceff.ch",2720,"Tramelan"),
(109,"Tigossi","Maximilien","Masculin","Maximilien.Tigossi@ceff.ch",2345,"Les Breuleux"),
(110,"Tockè","Christelle","Féminin","Christelle.Tocke@ceff.ch",2502,"Biel/Bienne"),
(111,"Tormos","Elias","Masculin","Elias.Tormos@ceff.ch",2503,"Biel/Bienne"),
(112,"Vasques","Dario","Masculin","Dario.Vasques@ceff.ch",2603,"Péry"),
(113,"Viatte","Colin","Masculin","Colin.Viatte@ceff.ch",2350,"Saignelégier"),
(114,"Villat","Jonas","Masculin","Jonas.Villat@ceff.ch",2720,"Tramelan"),
(115,"Voirol","Vincent","Masculin","Vincent.Voirol@ceff.ch",2720,"Tramelan"),
(116,"Wahli","Ocean","Masculin","Ocean.Wahli@ceff.ch",2740,"Moutier"),
(117,"Walzer","David","Masculin","David.Walzer@ceff.ch",2720,"Tramelan"),
(118,"Zweiacker","Noah","Masculin","Noah.Zweiacker@ceff.ch",2732,"Reconvilier");

DELETE FROM MembreCP WHERE idMembreCP > 0;
DELETE FROM CyberParlement WHERE idCyberParlement > 0;
ALTER TABLE CyberParlement AUTO_INCREMENT = 1;
INSERT INTO CyberParlement(idCyberParlement,Nom,CPParent) VALUES 
(1,'CPJB', null),
(2,'Tramelan',1),
(3,'Tavannes', 1),
(4,'Saint-Imier',1),
(5,'ES',2),
(6,'EP',2),
(7,'ES',3),
(8,'EP',3),
(9,'ES',4),
(10,'EP',4);

DELETE FROM MembreCP WHERE idMembreCP > 0;
ALTER TABLE MembreCP AUTO_INCREMENT=1;
INSERT INTO MembreCP(idPersonne,idCyberParlement,RoleCP) 
VALUES 
(1,5,"CyberChancelier"),
(2,6,"CyberChancelier"),
(3,7,"CyberChancelier"),
(4,8,"CyberChancelier"),
(5,9,"CyberChancelier"),
(6,10,"CyberChancelier"),
(7,5,"membre"),
(8,6,"membre"),
(9,7,"membre"),
(10,8,"membre"),
(11,9,"membre"),
(12,10,"membre"),
(13,5,"membre"),
(14,6,"membre"),
(15,7,"membre"),
(16,8,"membre"),
(17,9,"membre"),
(18,10,"membre"),
(19,5,"membre"),
(20,6,"membre"),
(21,7,"membre"),
(22,8,"membre"),
(23,9,"membre"),
(24,10,"membre"),
(25,5,"membre"),
(26,6,"membre"),
(27,7,"membre"),
(28,8,"membre"),
(29,9,"membre"),
(30,10,"membre"),
(31,5,"membre"),
(32,6,"membre"),
(33,7,"membre"),
(34,8,"membre"),
(35,9,"membre"),
(36,10,"membre"),
(37,5,"membre"),
(38,6,"membre"),
(39,7,"membre"),
(40,8,"membre"),
(41,9,"membre"),
(42,10,"membre"),
(43,5,"membre"),
(44,6,"membre"),
(45,7,"membre"),
(46,8,"membre"),
(47,9,"membre"),
(48,10,"membre"),
(49,5,"membre"),
(50,6,"membre"),
(51,7,"membre"),
(52,8,"membre"),
(53,9,"membre"),
(54,10,"membre"),
(55,5,"membre"),
(56,6,"membre"),
(57,7,"membre"),
(58,8,"membre"),
(59,9,"membre"),
(60,10,"membre"),
(61,5,"membre"),
(62,6,"membre"),
(63,7,"membre"),
(64,8,"membre"),
(65,9,"membre"),
(66,10,"membre"),
(67,5,"membre"),
(68,6,"membre"),
(69,7,"membre"),
(70,8,"membre"),
(71,9,"membre"),
(72,10,"membre"),
(73,5,"membre"),
(74,6,"membre"),
(75,7,"membre"),
(76,8,"membre"),
(77,9,"membre"),
(78,10,"membre"),
(79,5,"membre"),
(80,6,"membre"),
(81,7,"membre"),
(82,8,"membre"),
(83,9,"membre"),
(84,10,"membre"),
(85,5,"membre"),
(86,6,"membre"),
(87,7,"membre"),
(88,8,"membre"),
(89,9,"membre"),
(90,10,"membre"),
(91,5,"membre"),
(92,6,"membre"),
(93,7,"membre"),
(94,8,"membre"),
(95,9,"membre"),
(96,10,"membre"),
(97,5,"membre"),
(98,6,"membre"),
(99,7,"membre"),
(100,8,"membre"),
(101,9,"membre"),
(102,10,"membre"),
(103,5,"membre"),
(104,6,"membre"),
(105,7,"membre"),
(106,8,"membre"),
(107,9,"membre"),
(108,10,"membre"),
(109,5,"membre"),
(110,6,"membre"),
(111,7,"membre"),
(112,8,"membre"),
(113,9,"membre"),
(114,10,"membre"),
(115,5,"membre"),
(116,6,"membre"),
(117,7,"membre"),
(118,8,"membre"),
(96,1,"CyberChancelier");

DELETE FROM Initiative WHERE idInitiative > 0;
ALTER TABLE Initiative AUTO_INCREMENT=1;
INSERT INTO Initiative(idInitiative, Nom, Description,Echeance,idCP,idInitiateur,Statut,ModeValidation) VALUES
(1,"Fusion EP / ES","Voulez-vous fusionner l'école secondaire avec l'école primaire ?", "2021/08/01",5,1,"En attente de validation","SMS"),
(2,"Plus de crème dans les mille-feuille", "Evident n'est-ce pas","2021/10/10",10,6,"Validée","email");

DELETE FROM ChoixInitiative WHERE idChoixInitiative > 0;
ALTER TABLE ChoixInitiative AUTO_INCREMENT=1;
INSERT INTO ChoixInitiative(idInitiative, Choix, Ordre) VALUES
(1,"Oui mais c'est l'école secondaire qui dirige",1),
(1,"Oui mais c'est l'école primaire qui dirige",2),
(1,"Non, jamais",3),
(2,"pas plus, sinon c'est écoeurant",1),
(2," bien sûr pour le même prix",2),
(2,"Je n'aime pas les mille-feuilles",3);

DELETE FROM VoteInitiative WHERE idVoteInitiative > 0;
ALTER TABLE VoteInitiative AUTO_INCREMENT=1;
INSERT INTO VoteInitiative(idPersonne,idChoixInitiative,idInitiative) VALUES
(103,1,1),(109,1,1),(115,2,1);

DELETE FROM Statutpersonne WHERE idStatutpersonne > 0;
ALTER TABLE Statutpersonne AUTO_INCREMENT=1;
INSERT INTO Statutpersonne(idStatutpersonne,Statut) VALUES
(1,"Confirmé courrier"),
(2,"Inscrit"),
(3,"Validé email");

DELETE FROM Statutpersonne WHERE idStatutpersonne > 0;
ALTER TABLE Statutpersonne AUTO_INCREMENT=1;
INSERT INTO Statutpersonne(idStatutpersonne,Statut) VALUES
(1,"Confirmé courrier"),
(2,"Inscrit"),
(3,"Validé email"),
(4,NULL);

DELETE FROM Genrepersonne WHERE idGenre > 0;
ALTER TABLE Genrepersonne AUTO_INCREMENT=1;
INSERT INTO Genrepersonne(idGenre,Type) VALUES
(1,"Masculin"),
(2,"Feminin"),
(3,NULL);


SET FOREIGN_KEY_CHECKS = 1;
